"""
Run these against a ``sakila`` database (user sakila, password sakila) 
"""

SQL.No_Connection> connect mysql://sakila:sakila@localhost/sakila
0:sakila@sakila> set color off
colors - was: True
now: False
0:sakila@sakila> desc actor
BASE TABLE sakila.actor
Name        Nullable Type       
----------- -------- -----------
actor_id    NOT NULL smallint   
first_name  NOT NULL varchar(45)
last_name   NOT NULL varchar(45)
last_update NOT NULL timestamp  

0:sakila@sakila> desc actor\g
BASE TABLE sakila.actor


**** Row: 1
Name: actor_id
Nullable: NOT NULL
Type: smallint

**** Row: 2
Name: first_name
Nullable: NOT NULL
Type: varchar(45)

**** Row: 3
Name: last_name
Nullable: NOT NULL
Type: varchar(45)

**** Row: 4
Name: last_update
Nullable: NOT NULL
Type: timestamp


0:sakila@sakila> \d -l actor\g
BASE TABLE sakila.actor


**** Row: 1
N: 1
Name: actor_id
Nullable: NOT NULL
Type: smallint
Key: P
Default: 
Comments: 

**** Row: 2
N: 2
Name: first_name
Nullable: NOT NULL
Type: varchar(45)
Key: 
Default: 
Comments: 

**** Row: 3
N: 3
Name: last_name
Nullable: NOT NULL
Type: varchar(45)
Key: 
Default: 
Comments: 

**** Row: 4
N: 4
Name: last_update
Nullable: NOT NULL
Type: timestamp
Key: 
Default: 
Comments: 


0:sakila@sakila> show constraints on actor
Constraints on BASE TABLE sakila.actor
Primary key "PRIMARY": (actor_id) 
0:sakila@sakila> show indexes on actor
Indexes on BASE TABLE sakila.actor
idx_actor_last_name (last_name) BTREE 
0:sakila@sakila> select actor_id, first_name, last_name from actor\j3


{"actor": [
        {"actor_id": 1, "first_name": "PENELOPE", "last_name": "GUINESS"},
        {"actor_id": 2, "first_name": "NICK", "last_name": "WAHLBERG"},
        {"actor_id": 3, "first_name": "ED", "last_name": "CHASE"}
    ]
}

3 rows selected.

0:sakila@sakila> set wild on
wildsql - was: False
now: True
0:sakila@sakila> select #1, #2, #3 from actor;3

actor_id first_name last_name
-------- ---------- ---------
1        PENELOPE   GUINESS  
2        NICK       WAHLBERG 
3        ED         CHASE    

3 rows selected.

0:sakila@sakila> select !#4 from actor;3

actor_id first_name last_name
-------- ---------- ---------
1        PENELOPE   GUINESS  
2        NICK       WAHLBERG 
3        ED         CHASE    

3 rows selected.

0:sakila@sakila> select *name from actor;3

first_name last_name
---------- ---------
PENELOPE   GUINESS  
NICK       WAHLBERG 
ED         CHASE    

3 rows selected.

0:sakila@sakila> show constraint on film_actor;
Constraints on BASE TABLE sakila.film_actor
Foreign key "fk_film_actor_actor": columns (actor_id) in table "actor" 
Foreign key "fk_film_actor_film": columns (film_id) in table "film" 
Primary key "PRIMARY": (actor_id,film_id) 